run,mode,workers,duration_ns,mae,mse
1,sequential,0,26999300,19.15604819,711.41340200
1,worker_pool,1,74515900,19.15604819,711.41340200
1,worker_pool,2,61002400,19.15604819,711.41340200
1,worker_pool,4,65165100,19.15604819,711.41340200
1,worker_pool,8,63001400,19.15604819,711.41340200
2,sequential,0,26000100,19.15604819,711.41340200
2,worker_pool,1,71001000,19.15604819,711.41340200
2,worker_pool,2,73999700,19.15604819,711.41340200
2,worker_pool,4,60998700,19.15604819,711.41340200
2,worker_pool,8,65996900,19.15604819,711.41340200
3,sequential,0,26000800,19.15604819,711.41340200
3,worker_pool,1,67999000,19.15604819,711.41340200
3,worker_pool,2,62000800,19.15604819,711.41340200
3,worker_pool,4,62001100,19.15604819,711.41340200
3,worker_pool,8,66000300,19.15604819,711.41340200
4,sequential,0,26550400,19.15604819,711.41340200
4,worker_pool,1,76998800,19.15604819,711.41340200
4,worker_pool,2,59998000,19.15604819,711.41340200
4,worker_pool,4,75999400,19.15604819,711.41340200
4,worker_pool,8,66998900,19.15604819,711.41340200
5,sequential,0,26000200,19.15604819,711.41340200
5,worker_pool,1,69001400,19.15604819,711.41340200
5,worker_pool,2,61384600,19.15604819,711.41340200
5,worker_pool,4,58999800,19.15604819,711.41340200
5,worker_pool,8,60998800,19.15604819,711.41340200
6,sequential,0,25998200,19.15604819,711.41340200
6,worker_pool,1,69001100,19.15604819,711.41340200
6,worker_pool,2,79000400,19.15604819,711.41340200
6,worker_pool,4,57000200,19.15604819,711.41340200
6,worker_pool,8,62001600,19.15604819,711.41340200
7,sequential,0,25999600,19.15604819,711.41340200
7,worker_pool,1,68999500,19.15604819,711.41340200
7,worker_pool,2,59999200,19.15604819,711.41340200
7,worker_pool,4,58000000,19.15604819,711.41340200
7,worker_pool,8,63000500,19.15604819,711.41340200
8,sequential,0,26028400,19.15604819,711.41340200
8,worker_pool,1,69000100,19.15604819,711.41340200
8,worker_pool,2,59998400,19.15604819,711.41340200
8,worker_pool,4,57000000,19.15604819,711.41340200
8,worker_pool,8,62998600,19.15604819,711.41340200
9,sequential,0,25000000,19.15604819,711.41340200
9,worker_pool,1,68000800,19.15604819,711.41340200
9,worker_pool,2,60517400,19.15604819,711.41340200
9,worker_pool,4,59000600,19.15604819,711.41340200
9,worker_pool,8,63999800,19.15604819,711.41340200
10,sequential,0,29032200,19.15604819,711.41340200
10,worker_pool,1,68000800,19.15604819,711.41340200
10,worker_pool,2,59001400,19.15604819,711.41340200
10,worker_pool,4,56999400,19.15604819,711.41340200
10,worker_pool,8,62999400,19.15604819,711.41340200
11,sequential,0,25001800,19.15604819,711.41340200
11,worker_pool,1,68999400,19.15604819,711.41340200
11,worker_pool,2,61999500,19.15604819,711.41340200
11,worker_pool,4,57998900,19.15604819,711.41340200
11,worker_pool,8,65999200,19.15604819,711.41340200
