run,mode,workers,duration_ns,mae,mse,peak_heap_bytes,peak_sys_bytes,max_goroutines
1,sequential,0,4622500,19.03376888,691.97358568,4503016,16404480,2
1,worker_pool,1,12325500,19.03376888,691.97358568,4542472,16412672,5
1,worker_pool,2,10986900,19.03376888,691.97358568,5283992,16412672,6
2,sequential,0,4145300,19.03376888,691.97358568,5530488,16412672,2
2,worker_pool,1,12900500,19.03376888,691.97358568,6269016,16412672,5
2,worker_pool,2,11846500,19.03376888,691.97358568,7008584,16412672,6
3,sequential,0,5198300,19.03376888,691.97358568,7254856,16412672,2
3,worker_pool,1,14614200,19.03376888,691.97358568,7994216,16412672,5
3,worker_pool,2,13444600,19.03376888,691.97358568,4178176,16674816,6
4,sequential,0,4298700,19.03376888,691.97358568,4424560,16674816,2
4,worker_pool,1,12535900,19.03376888,691.97358568,5163888,16674816,5
4,worker_pool,2,10849400,19.03376888,691.97358568,5903088,16674816,6
5,sequential,0,4243200,19.03376888,691.97358568,6149360,16936960,2
5,worker_pool,1,12435900,19.03376888,691.97358568,6887648,16936960,5
5,worker_pool,2,11333400,19.03376888,691.97358568,7627328,16936960,6
